,H2OSOI,SOILLIQ,SOILICE,TSOI,W_SCALAR,PCT_CLAY,AGNPP,PRECIP,RAIN,SNOW,TBOT,GPP,AR,NPP,LITFALL
0,0.17736062,3.5472126,0.0,6.6207275,0.7353197,11.5,0.0,2.25,2.25,0.0,2.9344177,0.0,0.12000181,-0.12000181,1.1607819
1,0.22395362,3.0305266,1.3283165,5.545807,0.6024946,11.5,0.0,3.89375,3.7133389,0.18041101,3.3903503,0.0,0.124445215,-0.124445215,1.1607466
2,0.24148476,3.0351903,1.6455607,4.136139,0.5807008,11.5,0.0,3.14275,3.14275,0.0,2.4215088,0.0,0.117430575,-0.117430575,1.1606765
3,0.23471977,3.0697632,1.4897878,5.385895,0.6074358,11.5,0.0,3.2514997,3.2514997,0.0,4.0104065,0.0,0.12455422,-0.12455422,1.160606
4,0.22857046,2.9795535,1.4597317,5.3065186,0.58241355,11.5,0.0,2.61125,2.61125,0.0,3.926422,0.0,0.12336303,-0.12336303,1.1605492
5,0.23285261,3.0686162,1.4565957,4.023773,0.5878671,11.5,0.0,2.8735003,2.8735003,0.0,1.677887,0.0,0.114820674,-0.114820674,1.1604705
6,0.21751483,2.818781,1.4044,3.3123474,0.5625812,11.5,0.0,0.0,0.0,0.0,1.842102,0.0,0.11463457,-0.11463457,1.1604072
7,0.20988968,2.7196007,1.3555028,1.7026672,0.5510322,11.5,0.0,1.49225,1.1815487,0.3107012,-0.08279419,0.0,0.10469426,-0.10469426,1.1603439
8,0.21009827,2.9933631,1.108288,2.530304,0.60649174,11.5,0.0,1.245,1.0673236,0.17767644,1.0992737,0.0,0.10871997,-0.10871997,1.1602852
9,0.18019617,3.38675,0.19914788,3.9154663,0.71405315,11.5,0.0,1.247,1.247,0.0,3.1054382,0.0,0.11481096,-0.11481096,1.160227
10,0.17059015,3.340663,0.06523533,3.4361572,0.7124369,11.5,0.0,0.0,0.0,0.0,2.9831238,0.0,0.111723214,-0.111723214,1.1601646
11,0.17984581,3.1482644,0.41141343,5.632538,0.68425304,11.5,0.0,0.0,0.0,0.0,5.725769,0.0,0.12585405,-0.12585405,1.1601025
12,0.1862279,3.6248412,0.09144049,8.142731,0.7423571,11.5,0.0,6.0822496,6.0822496,0.0,7.974457,0.0,0.14176954,-0.14176954,1.160028
13,0.19319908,3.5584235,0.280197,5.5138855,0.73475736,11.5,0.0,1.23975,1.23975,0.0,4.0252075,0.0,0.12037808,-0.12037808,1.1599681
14,0.24145491,2.7347612,1.9205071,3.0572205,0.57440627,11.5,0.0,0.37299997,0.37299997,0.0,0.83358765,0.0,0.10672552,-0.10672552,1.1599019
15,0.2543409,2.4144921,2.450523,3.3341675,0.50193197,11.5,0.0,0.125,0.125,0.0,1.6252136,0.0,0.109739125,-0.109739125,1.1598375
16,0.24531528,2.9442415,1.7992128,4.726288,0.5996884,11.5,0.0,2.7612498,2.7612498,0.0,3.5054626,0.0,0.116266,-0.116266,1.1597757
17,0.2157118,3.2075937,1.014791,2.7760315,0.6699361,11.5,0.0,0.25,0.25,0.0,1.141571,0.0,0.10546559,-0.10546559,1.1597232
18,0.21849567,2.7874014,1.4511632,1.423645,0.5779541,11.5,0.0,2.6139998,0.47929725,2.1347027,0.104278564,0.0,0.100330025,-0.100330025,1.1596587
19,0.17505738,3.2884638,0.19503093,3.7048645,0.6880984,11.5,0.0,0.24849999,0.22909835,0.019401638,3.548523,0.0,0.11057122,-0.11057122,1.159594
20,0.2236538,3.5272245,0.8673457,3.993744,0.70593894,11.5,0.0,4.5,4.5,0.0,3.4192505,0.0,0.11150189,-0.11150189,1.1595392
21,0.28147966,2.36047,2.997786,2.2770996,0.48472893,11.5,0.0,0.0,0.0,0.0,0.55249023,0.0,0.102463715,-0.102463715,1.1594791
22,0.2820434,2.2917051,3.0711823,2.974701,0.48069778,11.5,0.0,0.0,0.0,0.0,1.7931519,0.0,0.107860625,-0.107860625,1.1594216
23,0.22972745,2.8901627,1.562922,3.5345154,0.5997315,11.5,0.0,1.11575,1.11575,0.0,3.439911,0.0,0.1113718,-0.1113718,1.1593696
24,0.20905633,3.3153088,0.79395485,3.9929504,0.65914905,11.5,0.0,5.7504997,5.7504997,0.0,4.1383667,0.0,0.11316186,-0.11316186,1.159334
25,0.19225678,3.83447,0.009780196,4.166626,0.7555301,11.5,0.0,12.311751,12.311751,0.0,3.0213623,0.0,0.11184966,-0.11184966,1.1592596
26,0.1890509,3.5042026,0.25383958,3.1482544,0.7279047,11.5,0.0,0.88025,0.38773757,0.4925124,1.7066956,0.0,0.106214896,-0.106214896,1.159158
27,0.1761916,3.4374993,0.079167135,5.159363,0.723161,11.5,0.0,0.12575,0.08210847,0.043641537,4.733124,0.0,0.11767268,-0.11767268,1.1591156
28,0.17410265,3.4756868,0.005837772,5.4583435,0.7271553,11.5,0.0,2.6035,2.6035,0.0,4.2442017,0.0,0.11751254,-0.11751254,1.1590602
29,0.21104486,3.143592,0.98788905,3.7191772,0.6449244,11.5,0.0,1.8729999,1.6432061,0.22979374,2.329071,0.0,0.10914662,-0.10914662,1.1590137
30,0.24428417,2.8370924,1.8785579,1.6893921,0.58802915,11.5,0.0,0.0,0.0,0.0,-0.56411743,0.0,0.09713077,-0.09713077,1.1589537
31,0.27899998,2.0982277,3.1927848,-0.67681885,0.42480752,11.5,0.0,0.12425,0.12425,0.0,-3.2174988,0.0,0.08828658,-0.08828658,1.1588678
32,0.2391912,2.4358623,2.153081,1.3247375,0.51526034,11.5,0.0,0.12575,0.0,0.12575,0.35629272,0.0,0.098406784,-0.098406784,1.1587931
33,0.22809446,2.8695004,1.5519205,2.1611938,0.59192634,11.5,0.0,2.12075,1.5840881,0.53666186,0.17630005,0.0,0.100057706,-0.100057706,1.1587311
34,0.22095811,2.7222009,1.5561138,2.8573303,0.56793123,11.5,0.0,0.503,0.503,0.0,2.456665,0.0,0.10609321,-0.10609321,1.1587102
35,0.19365323,3.2613678,0.56092584,5.4304504,0.6932306,11.5,0.0,7.81325,2.2656116,5.5476384,5.707672,0.0,0.12018337,-0.12018337,1.1586308
36,0.19241206,3.670497,0.16299142,7.1090393,0.7490603,11.5,0.0,0.8749999,0.8144025,0.06059739,6.838806,0.0,0.12553814,-0.12553814,1.1585178
37,0.18643118,3.7286239,0.0,5.7626953,0.7547379,11.5,0.0,5.2229996,5.2229996,0.0,4.1717224,0.0,0.11415296,-0.11415296,1.1584672
38,0.20631085,4.126217,0.0,6.490509,0.7956683,11.5,0.0,11.46575,8.5982,2.86755,5.2809753,0.0,0.11953355,-0.11953355,1.1583908
39,0.22185627,3.8062782,0.5784868,4.557312,0.75217766,11.5,0.0,0.0,0.0,0.0,2.4084167,0.0,0.1085323,-0.1085323,1.1583116
40,0.18937808,3.7182953,0.06351732,3.8413086,0.7551134,11.5,0.0,0.0,0.0,0.0,2.0962524,0.0,0.10421484,-0.10421484,1.1582506
41,0.22354488,3.6157718,0.7841504,4.033661,0.7034011,11.5,0.0,11.908251,11.908251,0.0,3.049286,0.0,0.10732589,-0.10732589,1.1581925
42,0.23486651,4.6973305,0.0,6.5097046,0.8408433,11.5,0.0,33.7685,32.53782,1.2306807,6.57428,0.0,0.1220077,-0.1220077,1.1581216
43,0.218611,4.281169,0.083493985,6.3283997,0.811646,11.5,0.0,6.739499,6.739499,0.0,5.0983887,0.0,0.11890656,-0.11890656,1.1580646
44,0.21617512,4.0535254,0.24756902,4.792633,0.7885489,11.5,0.0,4.22925,4.22925,0.0,3.190918,0.0,0.11000225,-0.11000225,1.1580036
45,0.24378687,3.4317584,1.3241286,4.189331,0.6883808,11.5,0.0,0.62875,0.041635826,0.5871142,2.3891907,0.0,0.1057549,-0.1057549,1.1579312
46,0.23697624,3.468244,1.1657642,5.732422,0.695418,11.5,0.0,2.8904996,2.4421444,0.44835532,5.1858215,0.0,0.117386445,-0.117386445,1.1578678
47,0.19999593,3.9402814,0.05468768,7.730011,0.7765682,11.5,0.0,6.27325,5.6365075,0.63674253,7.320404,0.0,0.12646657,-0.12646657,1.1578043
48,0.20854416,3.4491143,0.6618623,4.0236816,0.71457624,11.5,0.0,1.1155,0.120909736,0.9945903,1.8378296,0.0,0.103662685,-0.103662685,1.1577411
49,0.22567336,3.9264576,0.53828794,5.377838,0.77424484,11.5,0.0,7.4694996,4.871769,2.5977306,3.1670227,0.0,0.109339714,-0.109339714,1.157678
50,0.23544756,3.6096427,1.0080659,4.990265,0.7395902,11.5,0.0,0.75124997,0.64684606,0.104403935,3.4866028,0.0,0.1102179,-0.1102179,1.157618
51,0.19448963,3.5017033,0.3558778,5.439148,0.72821945,11.5,0.0,0.25075,0.09512359,0.1556264,3.9827576,0.0,0.11400199,-0.11400199,1.1575558
52,0.23388574,3.1267185,1.4222636,6.613678,0.6314112,11.5,0.0,2.7500002,2.151569,0.5984313,4.5460205,0.0,0.12094334,-0.12094334,1.1575068
53,0.19428937,3.5588105,0.2998379,7.2364807,0.73041606,11.5,0.0,5.02,4.588843,0.4311571,6.283539,0.0,0.12291151,-0.12291151,1.1574402
54,0.1873003,3.7432342,0.002541488,6.1931458,0.75606817,11.5,0.0,2.2572498,2.2572498,0.0,5.388153,0.0,0.113962166,-0.113962166,1.1573808
55,0.18914104,3.7828207,0.0,8.206482,0.7572538,11.5,0.0,5.8747497,5.8747497,0.0,7.3942566,0.0,0.12351461,-0.12351461,1.1573179
56,0.18880498,3.7760997,0.0,9.448242,0.7617624,11.5,0.0,3.6005,3.6005,0.0,8.324951,0.0,0.12852412,-0.12852412,1.1572415
57,0.17867693,3.5735388,0.0,8.772736,0.7409429,11.5,0.0,0.12425,0.12425,0.0,7.2313538,0.0,0.12478678,-0.12478678,1.157173
58,0.18954998,3.7880194,0.0027329128,7.058197,0.7631863,11.5,0.0,4.6315002,4.6315002,0.0,4.952667,0.0,0.11411536,-0.11411536,1.1571076
59,0.18334617,3.6458435,0.01933022,7.8699036,0.74526983,11.5,0.0,4.2747498,4.2747498,0.0,6.289734,0.0,0.119894445,-0.119894445,1.1570491
60,0.18484743,3.685575,0.010429743,6.7351074,0.7479391,11.5,0.0,3.88975,3.88975,0.0,5.311859,0.0,0.11500624,-0.11500624,1.1569991
61,0.20476924,3.8716726,0.20514414,6.044403,0.7675645,11.5,0.0,4.9885,4.9885,0.0,3.8154602,0.0,0.109143615,-0.109143615,1.156934
62,0.17843094,3.5666482,0.0018073109,7.720154,0.7379353,11.5,0.0,1.875,1.875,0.0,6.115082,0.0,0.11903398,-0.11903398,1.1568875
63,0.18242599,3.64852,0.0,9.295044,0.7425909,11.5,0.0,3.4984996,3.4984996,0.0,7.4620056,0.0,0.124791496,-0.124791496,1.1568226
64,0.1865491,3.2676659,0.4248607,6.707672,0.69959325,11.5,0.0,0.0,0.0,0.0,3.9508057,0.0,0.1117214,-0.1117214,1.1567979
65,0.18255946,3.1178465,0.48907518,5.3268127,0.67463124,11.5,0.0,0.0,0.0,0.0,2.9358826,0.0,0.10551718,-0.10551718,1.1567457
66,0.22002922,3.1819184,1.1175169,4.0066833,0.65130055,11.5,0.0,4.83625,2.8673441,1.9689057,1.9886475,0.0,0.09974651,-0.09974651,1.1566297
67,0.17853075,3.5520167,0.017054716,5.3643494,0.73690444,11.5,0.0,1.49525,1.2530313,0.24221873,3.2815247,0.0,0.104212716,-0.104212716,1.1565888
68,0.16892211,3.364599,0.012694216,7.739868,0.7145751,11.5,0.0,0.125,0.125,0.0,5.63089,0.0,0.11663653,-0.11663653,1.1565359
69,0.17187522,3.425292,0.011198814,10.62738,0.71703494,11.5,0.0,3.2499998,3.2499998,0.0,8.324738,0.0,0.12975016,-0.12975016,1.1564944
70,0.16093782,3.2187145,3.8393464e-05,12.065613,0.6941794,11.5,0.0,0.0,0.0,0.0,10.806946,0.0,0.13994405,-0.13994405,1.1564556
71,0.15501544,3.100309,0.0,10.717102,0.6796534,11.5,0.0,0.0,0.0,0.0,9.800232,0.0,0.13332917,-0.13332917,1.1564529
72,0.15321307,3.0642614,0.0,9.587891,0.6749777,11.5,0.0,0.248,0.089639604,0.15836039,7.092682,0.0,0.12147327,-0.12147327,1.156435
73,0.159735,3.1830087,0.010721061,11.043854,0.6890904,11.5,0.0,2.1142497,2.1142497,0.0,8.898499,0.0,0.13361181,-0.13361181,1.1563793
74,0.15317196,3.0481806,0.013992259,11.093689,0.672975,11.5,0.0,0.0,0.0,0.0,9.132355,0.0,0.13476643,-0.13476643,1.1564641
75,0.15496147,3.098478,0.00068901916,9.041626,0.6785363,11.5,0.0,1.2427499,1.2427499,0.0,6.3694763,0.0,0.11904021,-0.11904021,1.1563267
76,0.1509143,3.013915,0.0040079495,7.678406,0.66855603,11.5,0.0,0.0,0.0,0.0,5.177368,0.0,0.111858085,-0.111858085,1.1560965
77,0.15891498,3.1703174,0.007319837,8.903168,0.6871492,11.5,0.0,4.1489997,4.1489997,0.0,6.564453,0.0,0.11753243,-0.11753243,1.1559858
78,0.16354477,3.2708957,0.0,9.561798,0.6992816,11.5,0.0,0.503,0.503,0.0,6.8809814,0.0,0.11914945,-0.11914945,1.1559615
79,0.18777056,3.7554114,0.0,9.111877,0.7524435,11.5,0.0,11.9165,9.592897,2.323603,6.3792725,0.0,0.11833274,-0.11833274,1.1558363
80,0.19891381,3.9782765,0.0,10.944855,0.7792581,11.5,0.0,8.748,8.732703,0.015296761,9.750183,0.0,0.13554487,-0.13554487,1.1557376
81,0.20236872,4.0473742,0.0,11.387054,0.784718,11.5,0.0,7.7092505,7.7092505,0.0,8.407928,0.0,0.12867272,-0.12867272,1.1556957
82,0.182933,3.6586604,0.0,10.417908,0.74718434,11.5,0.0,0.0,0.0,0.0,6.886322,0.0,0.12058456,-0.12058456,1.1556422
83,0.19698426,3.9396791,5.472568e-06,10.0572815,0.7745384,11.5,0.0,11.153,11.153,0.0,7.6683044,0.0,0.122357965,-0.122357965,1.1555316
84,0.18982567,3.7965136,0.0,11.196503,0.76459605,11.5,0.0,0.12575,0.12575,0.0,8.831299,0.0,0.12784976,-0.12784976,1.1554605
85,0.18273018,3.6546037,0.0,11.960785,0.74799657,11.5,0.0,2.73525,2.73525,0.0,9.127533,0.0,0.13277394,-0.13277394,1.1553979
86,0.17312375,3.462475,0.0,11.055084,0.7267214,11.5,0.0,0.0,0.0,0.0,7.938202,0.0,0.124700755,-0.124700755,1.1553421
87,0.17538777,3.5077553,0.0,12.770111,0.7304802,11.5,0.0,3.7649999,3.7649999,0.0,10.257477,0.0,0.13628612,-0.13628612,1.1552742
88,0.18450363,3.6900725,0.0,14.221283,0.7503667,11.5,2.332347,3.60725,3.60725,0.0,11.479767,0.016826544,0.14300102,-0.12617448,1.155216
89,0.17207602,3.4415205,0.0,15.581879,0.7239336,11.5,6.0757847,0.248,0.248,0.0,13.518341,0.16950072,0.17277588,-0.003275156,1.1551745
90,0.17452928,3.4905858,0.0,14.331207,0.7260711,11.5,5.8666286,6.53475,6.53475,0.0,12.127899,0.3801147,0.23285195,0.14726275,1.1551156
91,0.17836197,3.5672393,0.0,10.488434,0.73374104,11.5,5.6574965,1.3832499,1.3832499,0.0,8.242645,0.32141262,0.23155177,0.08986086,1.1550741
92,0.17220181,3.4439783,5.3233958e-05,8.471863,0.72377855,11.5,5.4483852,1.3684999,1.3684999,0.0,5.576172,0.4594578,0.24324307,0.21621475,1.1549933
93,0.16522516,3.304503,0.0,10.663574,0.70762515,11.5,5.2392983,0.0,0.0,0.0,7.88443,0.70712465,0.3059961,0.40112856,1.1549203
94,0.15817964,3.1635926,0.0,14.222473,0.689743,11.5,5.0302334,0.248,0.248,0.0,12.940063,0.8155632,0.36901793,0.44654527,1.1549625
95,0.15221904,3.044381,0.0,12.75943,0.67381483,11.5,4.821192,0.0,0.0,0.0,10.448975,0.87675166,0.41264898,0.4641027,1.1549895
96,0.14811043,2.9622087,0.0,15.043671,0.6623913,11.5,4.612173,0.0,0.0,0.0,12.295319,1.1243784,0.47669032,0.64768815,1.154948
97,0.14368916,2.873783,0.0,15.707672,0.64966047,11.5,4.403177,0.0,0.0,0.0,13.778473,1.2450917,0.5181595,0.72693217,1.1550273
98,0.14364083,2.8728166,0.0,15.711578,0.6491581,11.5,4.1942034,1.1205,1.1205,0.0,13.077728,1.3343716,0.56390285,0.7704687,1.1550846
99,0.16133973,3.2267947,0.0,15.49469,0.6933881,11.5,3.9852533,3.495,3.495,0.0,13.363159,1.3019054,0.6137945,0.6881109,1.1549119
100,0.15572013,3.1144025,0.0,15.93161,0.6803132,11.5,4.8773975,1.49375,1.49375,0.0,13.16153,1.4210219,0.6037563,0.8172656,1.1548903
101,0.15852804,3.1705608,0.0,14.358978,0.6854014,11.5,10.972702,2.389,2.389,0.0,11.250214,1.3850205,0.51326025,0.87176025,1.1549343
102,0.15240982,3.0481963,0.0,14.004883,0.67109054,11.5,10.510886,0.5015,0.5015,0.0,11.784271,1.7872155,0.5747719,1.2124436,1.1549096
103,0.15878886,3.1757772,0.0,16.925446,0.6823484,11.5,10.049121,4.12875,4.12875,0.0,15.698578,2.1496685,0.7961967,1.3534718,1.1550255
104,0.18245545,3.649109,0.0,18.441132,0.7274028,11.5,9.587406,15.4405,15.4405,0.0,17.536682,2.4401758,1.0541027,1.3860731,1.155056
105,0.18991071,3.7982144,0.0,15.98053,0.75343287,11.5,9.125743,6.3645,6.3645,0.0,13.087402,2.2496405,0.8953087,1.3543317,1.1545926
106,0.2078616,4.1572323,0.0,13.013611,0.79772055,11.5,12.749489,11.782998,11.704009,0.07898923,9.773834,2.4361792,0.7925973,1.6435819,1.1545327
107,0.18212134,3.6424267,0.0,11.815369,0.7475786,11.5,18.699062,0.0,0.0,0.0,9.53595,3.0101905,0.89919066,2.1109998,1.1545498
108,0.1686564,3.373128,0.0,12.893036,0.716218,11.5,22.20676,0.0,0.0,0.0,10.491486,3.6534328,1.0791402,2.5742927,1.1545833
109,0.16473997,3.294799,0.0,13.245148,0.7066816,11.5,21.236774,1.2505,1.2505,0.0,12.624237,3.8070574,1.3462994,2.460758,1.1545956
110,0.16552895,3.310579,0.0,14.374115,0.7083241,11.5,20.266893,1.125,1.125,0.0,12.409241,4.6345353,1.4583262,3.176209,1.1546998
111,0.15693781,3.1387563,0.0,14.165436,0.68644154,11.5,19.29712,0.62874997,0.62874997,0.0,12.666595,4.9779644,1.5903306,3.3876338,1.1548657
112,0.15165988,3.0331974,0.0,13.094025,0.67247784,11.5,18.327452,0.2485,0.2485,0.0,11.489838,5.442259,1.6317294,3.8105295,1.1550577
113,0.14479515,2.895903,0.0,13.885651,0.65306085,11.5,17.357887,0.0,0.0,0.0,12.435089,5.5876713,1.6833912,3.9042802,1.1552936
114,0.14097606,2.8195212,0.0,14.089386,0.64110994,11.5,16.38843,1.988,1.988,0.0,14.411804,5.6656537,1.9478728,3.717781,1.1554186
115,0.21926174,4.385235,0.0,14.668549,0.81029826,11.5,15.419079,23.946499,23.946499,0.0,13.883575,5.9473815,2.1795225,3.767859,1.1550816
116,0.18535623,3.7071242,0.0,15.473358,0.75041425,11.5,14.449837,3.5005002,3.5005002,0.0,13.889801,6.2832456,2.195498,4.0877476,1.1551459
117,0.20254101,4.0508204,0.0,15.02713,0.7867561,11.5,13.480701,10.1715,10.1715,0.0,14.027039,5.998667,2.1857748,3.812892,1.155236
118,0.18342242,3.6684484,0.0,16.477417,0.74891657,11.5,12.528866,0.99425,0.99425,0.0,16.0018,6.763986,2.431252,4.332734,1.1554034
119,0.16852918,3.3705838,0.0,14.993225,0.7148429,11.5,11.731691,0.248,0.248,0.0,13.949097,6.6146235,2.3380263,4.276597,1.155594
120,0.15859692,3.1719384,0.0,15.868652,0.6899436,11.5,10.971342,0.0,0.0,0.0,15.37912,7.1962595,2.4279718,4.7682877,1.155849
121,0.16355857,3.2711716,0.0,16.002136,0.69218147,11.5,10.211077,9.32675,9.32675,0.0,15.854584,6.4633327,2.5351782,3.9281545,1.156083
122,0.1700795,3.40159,0.0,17.584137,0.7049482,11.5,9.450894,6.3665,6.3665,0.0,18.19278,6.8621473,2.6423767,4.2197704,1.1563084
123,0.17635077,3.5270157,0.0,18.743622,0.7221409,11.5,8.690794,3.1252499,3.1252499,0.0,19.74582,7.8674498,2.9812076,4.886242,1.1563902
124,0.16207609,3.2415218,0.0,19.87387,0.6935953,11.5,7.9307795,2.2615001,2.2615001,0.0,20.899567,7.8564763,3.2411585,4.615318,1.156543
125,0.20628545,4.1257086,0.0,19.118683,0.782649,11.5,7.1708465,20.08425,20.08425,0.0,19.136871,7.1459856,3.1240802,4.0219054,1.1566622
126,0.17785862,3.5571723,0.0,16.162415,0.72942615,11.5,6.4109974,0.125,0.125,0.0,14.407745,8.048751,2.71282,5.335931,1.1569192
127,0.17251717,3.4503431,0.0,15.630157,0.71633554,11.5,5.651232,4.491,4.491,0.0,14.505157,7.5329475,2.6167014,4.9162464,1.1570086
128,0.17181881,3.436376,0.0,15.366516,0.7171702,11.5,4.89155,1.75725,1.75725,0.0,13.961273,8.107336,2.639924,5.467412,1.1571312
129,0.15971318,3.1942635,0.0,15.329407,0.6884054,11.5,4.1319513,0.12425,0.12425,0.0,15.11203,7.905162,2.6766424,5.2285194,1.157382
130,0.15697901,3.1395802,0.0,16.120148,0.67932355,11.5,3.3763757,1.86975,1.86975,0.0,15.6297,7.6608763,2.77322,4.887656,1.1575996
131,0.15866035,3.1732073,0.0,16.118195,0.6800548,11.5,2.7837143,2.2502499,2.2502499,0.0,15.664856,7.716776,2.7163186,5.0004573,1.1578064
132,0.15712233,3.1424468,0.0,15.64444,0.6714625,11.5,2.2764697,4.1252503,4.1252503,0.0,14.758789,7.4027953,2.6619787,4.7408166,1.1580863
133,0.19078243,3.8156486,0.0,14.448883,0.75103325,11.5,1.7692816,13.412999,13.412999,0.0,12.910248,7.3373866,2.6065953,4.730791,1.1580486
134,0.17761333,3.5522666,0.0,14.898926,0.7235408,11.5,1.2621491,5.4537497,5.4537497,0.0,14.604309,8.353899,2.676147,5.677752,1.1582974
135,0.17164966,3.4329934,0.0,16.642853,0.7062514,11.5,0.75507206,6.4452505,6.4452505,0.0,17.26944,8.928284,2.8730724,6.055211,1.1585767
136,0.17013562,3.4027123,0.0,18.469208,0.69704396,11.5,0.2910896,10.783501,10.783501,0.0,19.24234,8.656134,3.1745582,5.4815755,1.1588104
137,0.15191361,3.0382721,0.0,19.137604,0.66184914,11.5,0.03705989,0.0,0.0,0.0,19.615509,9.016516,3.2458098,5.770706,1.1590251
138,0.14351286,2.8702574,0.0,18.605438,0.63972443,11.5,0.0,0.0,0.0,0.0,18.792755,9.100437,3.235626,5.864811,1.1592746
139,0.1373139,2.7462778,0.0,18.578094,0.6218433,11.5,0.0,0.0,0.0,0.0,18.282654,9.142969,3.1422894,6.00068,1.1595902
140,0.13248149,2.6496296,0.0,20.393433,0.60685486,11.5,0.0,0.0,0.0,0.0,21.86267,8.514648,3.2793145,5.235334,1.159991
141,0.12662622,2.5325246,0.0,18.713898,0.5869836,11.5,0.0,0.0,0.0,0.0,18.64975,8.476486,3.0777473,5.398739,1.1602435
142,0.12179579,2.4359157,0.0,18.172058,0.5703284,11.5,0.0,0.0,0.0,0.0,18.36557,8.365112,3.0556717,5.3094406,1.1604402
143,0.13255109,2.6510217,0.0,20.666412,0.5969959,11.5,0.0,3.606,3.606,0.0,21.2742,8.147105,3.3903804,4.756725,1.1604974
144,0.1410243,2.820486,0.0,21.083618,0.6149043,11.5,0.0,3.858,3.858,0.0,21.775177,8.379293,3.5399501,4.839343,1.160548
145,0.13132325,2.6264648,0.0,19.658539,0.59484106,11.5,0.0,0.0,0.0,0.0,19.164307,8.3058195,3.2348318,5.0709877,1.1606401
146,0.12481495,2.496299,0.0,21.783295,0.57631725,11.5,0.0,0.37725002,0.37725002,0.0,22.01886,8.660979,3.6002169,5.0607624,1.1607951
147,0.137667,2.75334,0.0,21.946991,0.6287317,11.5,0.0,1.7602499,1.7602499,0.0,21.839386,9.523504,3.7927632,5.730741,1.1609814
148,0.12858124,2.5716248,0.0,20.81723,0.60142493,11.5,0.0,0.89125,0.89125,0.0,20.480255,8.276867,3.525557,4.75131,1.161193
149,0.14964314,2.9928627,0.0,20.82016,0.6569537,11.5,0.0,5.189,5.189,0.0,20.2294,7.87364,3.5439126,4.329727,1.1612961
150,0.1481396,2.962792,0.0,20.745605,0.6524192,11.5,0.0,1.40025,1.40025,0.0,20.103882,8.198773,3.5550404,4.643733,1.1614702
151,0.13691536,2.738307,0.0,21.124329,0.6239077,11.5,0.0,0.0,0.0,0.0,20.381653,8.606571,3.3813093,5.2252617,1.1617264
152,0.12833117,2.5666234,0.0,21.283936,0.598911,11.5,0.0,0.0,0.0,0.0,21.06192,8.865618,3.3666265,5.498991,1.1619934
153,0.121739455,2.4347892,0.0,20.85144,0.57778776,11.5,0.0,0.0,0.0,0.0,20.876678,8.447677,3.431928,5.015749,1.1622193
154,0.12170318,2.4340634,0.0,19.603241,0.5757623,11.5,0.0,1.0185,1.0185,0.0,18.880585,7.4759445,3.3381608,4.137784,1.1623654
155,0.1179215,2.35843,0.0,20.365784,0.5626403,11.5,0.0,0.0,0.0,0.0,20.234894,8.600512,3.3929572,5.2075543,1.162527
156,0.112451956,2.2490392,0.0,22.705353,0.5436571,11.5,0.0,0.0,0.0,0.0,23.816193,8.849718,3.7490165,5.1007013,1.1627736
157,0.12972541,2.5945082,0.0,23.326569,0.5879476,11.5,0.0,3.9789999,3.9789999,0.0,23.250519,8.329585,3.739087,4.590498,1.1629109
158,0.13269916,2.653983,0.0,23.406494,0.588411,11.5,0.0,4.228,4.228,0.0,23.310028,9.263021,4.076193,5.1868286,1.1630743
159,0.11891284,2.3782568,0.0,23.307434,0.5553274,11.5,0.0,0.25475,0.25475,0.0,23.233154,9.044007,3.9721408,5.0718665,1.1632681
160,0.11286752,2.2573504,0.0,22.437073,0.53717923,11.5,0.0,0.0,0.0,0.0,22.365723,8.888612,4.0242863,4.8643255,1.1634645
161,0.11677781,2.335556,0.0,22.521942,0.5428945,11.5,0.0,6.4932504,6.4932504,0.0,22.129608,8.177097,3.914923,4.2621746,1.1636497
162,0.1389247,2.7784941,0.0,21.570831,0.60040766,11.5,0.0,4.2015,4.2015,0.0,20.622833,6.7713356,3.5633311,3.2080045,1.1637956
163,0.1286288,2.572576,0.0,21.174988,0.576726,11.5,0.0,0.6245,0.6245,0.0,20.664856,9.288022,3.9526935,5.3353286,1.1639404
164,0.11933725,2.386745,0.0,22.307068,0.55094826,11.5,0.0,0.0,0.0,0.0,21.674042,8.862871,3.9665043,4.896367,1.1641476
165,0.11192025,2.238405,0.0,22.20166,0.5271397,11.5,0.0,0.0,0.0,0.0,21.80481,8.5293255,3.7000332,4.8292923,1.1644053
166,0.12161693,2.4323387,0.0,21.41986,0.53687835,11.5,0.0,4.838,4.838,0.0,21.301025,8.542395,3.5901036,4.952291,1.1646223
167,0.108770035,2.1754007,0.0,21.67804,0.50149137,11.5,0.0,0.0,0.0,0.0,21.823822,8.3625555,3.6326294,4.729926,1.1648252
168,0.101145886,2.0229177,0.0,22.379486,0.47514254,11.5,0.0,0.0,0.0,0.0,22.535858,7.9755297,3.648447,4.3270826,1.1650144
169,0.09753382,1.9506764,0.0,22.453522,0.46011943,11.5,0.0,1.1192499,1.1192499,0.0,22.563599,7.4792814,3.67518,3.8041015,1.1650704
170,0.1030617,2.061234,0.0,23.905518,0.4798238,11.5,0.0,0.12425,0.12425,0.0,23.904999,8.419665,4.102547,4.317118,1.1651616
171,0.0982838,1.965676,0.0,24.415527,0.4631554,11.5,0.0,0.2545,0.2545,0.0,24.305756,8.5290785,4.103407,4.4256716,1.1653602
172,0.10180329,2.0360658,0.0,24.019775,0.46374798,11.5,0.0,4.9744997,4.9744997,0.0,23.31668,8.940313,4.327661,4.6126523,1.1655383
173,0.12911482,2.5822964,0.0,22.33133,0.53097814,11.5,0.0,5.34725,5.34725,0.0,21.812347,8.197101,3.948578,4.2485228,1.16574
174,0.11720354,2.3440707,0.0,21.918854,0.5032948,11.5,0.0,0.37299997,0.37299997,0.0,21.278503,8.447364,3.8140478,4.633316,1.1659181
175,0.1129251,2.258502,0.0,23.170258,0.4913989,11.5,0.0,0.62174994,0.62174994,0.0,22.96698,9.167356,4.152564,5.0147915,1.1660497
176,0.103941545,2.078831,0.0,23.990051,0.46676028,11.5,0.0,0.0,0.0,0.0,23.654083,8.440716,4.0400867,4.400629,1.1662655
177,0.09838865,1.967773,0.0,23.802917,0.44375733,11.5,0.0,2.3657498,2.3657498,0.0,24.03598,8.919157,4.220063,4.699094,1.166471
178,0.10629529,2.1259058,0.0,24.165192,0.46179125,11.5,0.0,0.12425,0.12425,0.0,24.30774,8.844929,4.2311,4.6138287,1.1666089
179,0.09881813,1.9763626,0.0,25.621185,0.4398055,11.5,0.0,1.61675,1.61675,0.0,25.82721,8.043107,4.054254,3.988853,1.166819
180,0.1002351,2.0047019,0.0,25.940826,0.43698338,11.5,0.0,0.0,0.0,0.0,26.000854,8.351187,4.0332084,4.3179784,1.1669914
181,0.091927305,1.838546,0.0,26.78894,0.40830204,11.5,0.0,0.0,0.0,0.0,27.009094,7.870674,3.903974,3.9667,1.1671559
182,0.098548576,1.9709716,0.0,25.87616,0.4157402,11.5,0.0,8.657499,8.657499,0.0,25.818024,8.849778,4.211133,4.638645,1.1672642
183,0.12181196,2.4362395,0.0,25.783295,0.47557852,11.5,0.0,3.9799998,3.9799998,0.0,25.600433,8.85132,4.1707163,4.680604,1.1674799
184,0.11173984,2.2347968,0.0,25.997894,0.44928917,11.5,0.0,0.0,0.0,0.0,25.193817,8.546347,4.042635,4.5037117,1.167658
185,0.10344123,2.0688245,0.0,26.262878,0.42786214,11.5,0.0,0.38199997,0.38199997,0.0,26.03482,8.029563,4.0136695,4.0158935,1.167789
186,0.09998509,1.9997019,0.0,26.576965,0.43064556,11.5,0.0,0.375,0.375,0.0,26.177216,8.367555,4.0818396,4.285715,1.1679459
187,0.09469161,1.8938322,0.0,26.665253,0.41458625,11.5,0.0,0.0,0.0,0.0,26.701538,8.244132,4.06973,4.174402,1.1681242
188,0.09331189,1.8662379,0.0,25.653717,0.39698842,11.5,0.0,13.556002,13.556002,0.0,25.18869,7.786358,3.8980787,3.8882792,1.168261
189,0.121873856,2.437477,0.0,24.262207,0.45373467,11.5,0.0,6.2245,6.2245,0.0,23.618927,7.7227383,3.7913141,3.9314241,1.1683991
190,0.11266225,2.253245,0.0,24.584808,0.4374832,11.5,0.0,8.1445,8.1445,0.0,24.059021,8.413258,3.805468,4.6077895,1.1685913
191,0.11991203,2.3982406,0.0,25.186737,0.45152193,11.5,0.0,0.0,0.0,0.0,24.718323,8.312402,3.772155,4.540247,1.1687782
192,0.10737537,2.1475074,0.0,26.06601,0.4230773,11.5,0.0,0.0,0.0,0.0,26.028778,7.8768034,3.8906574,3.986146,1.1688988
193,0.10100267,2.0200534,0.0,26.24234,0.40515935,11.5,0.0,0.0,0.0,0.0,25.809448,8.163369,3.8746147,4.2887545,1.169088
194,0.09538677,1.9077355,0.0,26.049347,0.38111407,11.5,0.0,0.0,0.0,0.0,26.1987,7.724855,3.697535,4.02732,1.1692832
195,0.09085977,1.8171954,0.0,26.008148,0.36086866,11.5,0.0,0.12425,0.12425,0.0,25.868073,7.5175266,3.6088748,3.9086518,1.1694474
196,0.094148874,1.8829774,0.0,25.387848,0.36308873,11.5,0.0,1.2434999,1.2434999,0.0,24.937592,8.129508,3.7433085,4.3861995,1.1696126
197,0.08853802,1.7707603,0.0,26.845673,0.3501714,11.5,0.0,0.0,0.0,0.0,26.981537,7.5639424,3.7285953,3.8353472,1.1697135
198,0.095894724,1.9178945,0.0,26.993652,0.37566203,11.5,0.0,8.25125,8.25125,0.0,26.620087,7.1019073,3.748598,3.3533092,1.1698662
199,0.12028671,2.4057343,0.0,26.34143,0.49980456,11.5,0.0,0.63649994,0.63649994,0.0,25.375275,8.2662525,3.8584108,4.4078417,1.1699764
200,0.10673239,2.1346478,0.0,26.528534,0.46331945,11.5,0.0,0.0,0.0,0.0,26.346497,7.6996393,3.66565,4.0339894,1.1701683
201,0.098960586,1.9792117,0.0,26.981903,0.43762776,11.5,0.0,0.0,0.0,0.0,27.168304,7.7978115,3.7191663,4.078645,1.1703346
202,0.12004639,2.4009278,0.0,26.795563,0.4699679,11.5,0.0,31.60075,31.60075,0.0,26.89148,5.8754716,3.4081943,2.4672773,1.1705099
203,0.15729766,3.1459532,0.0,25.536957,0.56644547,11.5,0.0,20.753,20.753,0.0,24.812317,7.4429436,3.4253516,4.017592,1.170603
204,0.14431366,2.8862734,0.0,24.708466,0.54528743,11.5,0.0,7.3552504,7.3552504,0.0,23.763885,7.807476,3.6927223,4.1147537,1.1706567
205,0.14445859,2.8891716,0.0,24.719543,0.54343444,11.5,0.0,4.50025,4.50025,0.0,24.018402,7.39631,3.5313878,3.864922,1.1708568
206,0.1445754,2.891508,0.0,24.885498,0.5417258,11.5,0.0,7.59525,7.59525,0.0,24.13327,7.8024607,3.6122627,4.190198,1.1710109
207,0.1306627,2.6132538,0.0,25.59674,0.51571727,11.5,0.0,0.87525,0.87525,0.0,25.36264,8.1269655,3.5892892,4.5376763,1.1712539
208,0.12221136,2.4442272,0.0,26.269073,0.49449137,11.5,0.0,3.3755,3.3755,0.0,26.288727,7.7449255,3.597049,4.1478767,1.1714147
209,0.11956237,2.3912475,0.0,26.641266,0.48652834,11.5,0.0,0.0,0.0,0.0,26.540894,7.650505,3.592972,4.0575333,1.1715951
210,0.109790534,2.1958108,0.0,26.445892,0.46179384,11.5,0.0,0.0,0.0,0.0,26.204346,7.190267,3.543435,3.646832,1.1717091
211,0.1043246,2.086492,0.0,26.121368,0.44623595,11.5,0.0,0.625,0.625,0.0,25.892456,6.865186,3.459069,3.4061172,1.1718749
212,0.10194332,2.0388665,0.0,24.9151,0.43657184,11.5,0.0,0.0,0.0,0.0,24.383606,7.2541537,3.5161123,3.7380414,1.1719507
213,0.13329427,2.6658854,0.0,24.534393,0.5238839,11.5,0.0,8.27,8.27,0.0,23.505829,7.5736413,3.7634559,3.8101854,1.1720535
214,0.13799635,2.759927,0.0,24.742096,0.545563,11.5,0.0,10.26775,10.26775,0.0,23.745087,7.8662014,3.7496917,4.1165094,1.1721907
215,0.1329617,2.6592343,0.0,25.12207,0.53113735,11.5,0.0,0.375,0.375,0.0,24.74411,7.8623214,3.7061484,4.1561728,1.1723825
216,0.12387293,2.4774587,0.0,25.231293,0.5100248,11.5,0.0,2.2384999,2.2384999,0.0,24.579712,7.345504,3.5691757,3.776328,1.1725589
217,0.16420601,3.2841203,0.0,24.681427,0.55003047,11.5,0.0,40.7915,40.7915,0.0,24.380035,7.535797,3.5936627,3.9421344,1.172683
218,0.13169646,2.6339293,0.0,25.590363,0.5179351,11.5,0.0,2.4875002,2.4875002,0.0,24.97702,7.58998,3.512254,4.0777264,1.1728739
219,0.13169351,2.6338701,0.0,24.963654,0.5202122,11.5,0.0,6.6270003,6.6270003,0.0,24.489685,7.295965,3.5727704,3.7231948,1.1729975
220,0.12876253,2.5752506,0.0,25.381775,0.5259274,11.5,0.0,0.62174994,0.62174994,0.0,24.499786,7.84225,3.5939608,4.248289,1.1731756
221,0.13939242,2.7878485,0.0,25.654846,0.53517675,11.5,0.0,23.052002,23.052002,0.0,25.065155,7.6676693,3.6144886,4.0531807,1.1734071
222,0.12958509,2.5917017,0.0,25.10904,0.53181446,11.5,0.0,1.6552501,1.6552501,0.0,25.006714,7.852153,3.6158044,4.236348,1.1735963
223,0.12765357,2.5530713,0.0,25.648346,0.5286038,11.5,0.0,1.52525,1.52525,0.0,25.31372,7.0522766,3.4624724,3.5898042,1.1737474
224,0.12231295,2.446259,0.0,25.774567,0.5157746,11.5,0.0,0.375,0.375,0.0,25.481842,7.133078,3.4438624,3.6892157,1.1738868
225,0.1251862,2.5037243,0.0,26.278564,0.5174582,11.5,0.0,11.671,11.671,0.0,25.832825,7.3096514,3.7222703,3.5873811,1.1739067
226,0.16014367,3.2028735,0.0,25.644562,0.59413224,11.5,0.0,10.34,10.34,0.0,24.558167,7.423502,3.5989141,3.8245878,1.1740496
227,0.15864314,3.1728625,0.0,25.612823,0.59526426,11.5,0.0,6.0875,6.0875,0.0,24.6763,7.423578,3.6050153,3.8185625,1.1741987
228,0.14051002,2.8102005,0.0,25.481781,0.55855083,11.5,0.0,0.38199997,0.38199997,0.0,24.876495,7.2957077,3.6086133,3.6870944,1.1743808
229,0.1589624,3.1792476,0.0,25.512817,0.5891865,11.5,0.0,12.058751,12.058751,0.0,24.793549,7.3910236,3.6162643,3.7747593,1.1744995
230,0.14636602,2.9273205,0.0,25.94397,0.5658818,11.5,0.0,6.9462504,6.9462504,0.0,25.403656,7.489929,3.537857,3.9520721,1.1747013
231,0.14420182,2.8840363,0.0,26.010742,0.56138676,11.5,0.0,0.0,0.0,0.0,25.252197,7.591283,3.5328946,4.058388,1.1748364
232,0.13991745,2.7983491,0.0,25.055328,0.55050606,11.5,0.0,4.30475,4.30475,0.0,23.95285,6.336392,3.3459888,2.9904032,1.174989
233,0.14047511,2.8095021,0.0,24.867462,0.5545924,11.5,0.0,5.0004997,5.0004997,0.0,24.105133,7.148738,3.3617296,3.7870083,1.1751313
234,0.14183514,2.8367026,0.0,25.052582,0.56364816,11.5,0.0,0.625,0.625,0.0,24.404877,7.831259,3.5738368,4.257422,1.1752751
235,0.13016523,2.6033046,0.0,24.119354,0.5364319,11.5,0.0,0.12725,0.12725,0.0,23.199371,7.2956867,3.442739,3.8529477,1.1754229
236,0.122741625,2.4548326,0.0,24.472626,0.5176846,11.5,0.0,0.0,0.0,0.0,23.71109,7.3529162,3.3753963,3.97752,1.1755971
237,0.11706882,2.3413763,0.0,24.33786,0.5028107,11.5,0.0,0.0,0.0,0.0,24.34488,7.41226,3.4596124,3.9526477,1.1757667
238,0.11279883,2.2559767,0.0,24.176514,0.49058968,11.5,0.0,0.0,0.0,0.0,24.023346,7.178361,3.493174,3.6851869,1.1758971
239,0.1112357,2.224714,0.0,24.811188,0.4852674,11.5,0.0,0.37299997,0.37299997,0.0,24.478943,7.1893396,3.520362,3.6689777,1.1760347
240,0.10739406,2.1478813,0.0,25.794128,0.4732504,11.5,0.0,0.12425,0.12425,0.0,25.563507,7.1826453,3.6001172,3.582528,1.1761783
241,0.10400184,2.0800369,0.0,25.578827,0.46384498,11.5,0.0,0.49725,0.49725,0.0,25.169281,6.6261168,3.468177,3.1579397,1.17634
242,0.13062863,2.612573,0.0,25.485504,0.52186686,11.5,0.0,9.83325,9.83325,0.0,25.296265,7.0217843,3.5013604,3.520424,1.176465
243,0.11976783,2.3953567,0.0,25.261627,0.50172573,11.5,0.0,0.125,0.125,0.0,24.76532,7.055788,3.5221334,3.5336547,1.1766146
244,0.1277546,2.555092,0.0,24.75064,0.51762474,11.5,0.0,13.19575,13.19575,0.0,24.020447,6.318878,3.4966702,2.822208,1.1767359
245,0.14062342,2.8124683,0.0,24.578339,0.55085987,11.5,0.0,0.6275,0.6275,0.0,23.188019,6.515626,3.3288407,3.1867852,1.1768488
246,0.123460494,2.46921,0.0,24.435059,0.514301,11.5,0.0,0.0,0.0,0.0,23.877716,6.822942,3.295537,3.5274048,1.1769819
247,0.1263783,2.527566,0.0,25.041534,0.5126146,11.5,0.0,22.2615,22.2615,0.0,24.766968,6.6041718,3.270871,3.3333008,1.1771183
248,0.13654669,2.730934,0.0,25.009155,0.5299463,11.5,0.0,3.109,3.109,0.0,24.649445,6.4586506,3.4204144,3.0382361,1.1772239
249,0.12554851,2.51097,0.0,24.012207,0.51258194,11.5,0.0,1.5274999,1.5274999,0.0,23.228546,6.4973245,3.2993312,3.1979933,1.1773356
250,0.115090676,2.3018134,0.0,23.28946,0.48762897,11.5,0.0,0.0,0.0,0.0,22.783508,6.542012,3.1216583,3.420354,1.1774822
251,0.11908942,2.3817883,0.0,22.988129,0.5045215,11.5,0.0,3.3749995,3.3749995,0.0,22.400848,5.9860888,3.103867,2.8822217,1.1775969
252,0.15247649,3.04953,0.0,22.3555,0.5783877,11.5,0.0,15.6445,15.6445,0.0,21.256836,5.67137,3.067298,2.604072,1.1776874
253,0.14335757,2.8671515,0.0,21.919464,0.56490225,11.5,0.0,2.1175,2.1175,0.0,21.24704,5.729972,3.053019,2.6769528,1.1777858
254,0.14400473,2.8800948,0.0,22.92685,0.56719375,11.5,0.0,3.23625,3.23625,0.0,22.515106,6.0805445,3.268446,2.8120985,1.1778743
255,0.13368362,2.6736724,0.0,24.213318,0.54466546,11.5,0.0,0.0,0.0,0.0,23.783875,6.4978824,3.3637114,3.134171,1.1779875
256,0.12661666,2.532333,0.0,23.477997,0.5277075,11.5,0.0,0.37275004,0.37275004,0.0,22.795807,6.3879633,3.4993787,2.8885846,1.1780859
257,0.12127303,2.4254606,0.0,22.886444,0.5136691,11.5,0.0,0.125,0.125,0.0,22.438599,6.7065516,3.4201705,3.286381,1.1782084
258,0.11687385,2.337477,0.0,24.08368,0.50182474,11.5,0.0,0.0,0.0,0.0,23.563995,6.181903,3.3355308,2.8463721,1.1783445
259,0.112445645,2.2489128,0.0,22.19226,0.49086887,11.5,0.0,0.0,0.0,0.0,21.596924,6.029656,3.1012716,2.9283843,1.1784477
260,0.11111532,2.2223065,0.0,22.210693,0.4867127,11.5,0.0,0.50450003,0.50450003,0.0,21.685974,6.0006566,3.2354655,2.765191,1.1785514
261,0.114991546,2.299831,0.0,22.14618,0.49580407,11.5,0.0,3.2435002,3.2435002,0.0,21.943878,6.1035776,3.2507744,2.8528032,1.1786592
262,0.13001007,2.6002016,0.0,21.52951,0.53231734,11.5,0.0,2.1135,2.1135,0.0,20.950714,6.4711876,3.1521084,3.3190792,1.1787735
263,0.116289966,2.3257992,0.0,19.815674,0.5003907,11.5,0.0,0.0,0.0,0.0,18.939453,6.3036585,2.9277723,3.3758862,1.1788969
264,0.11250187,2.2500374,0.0,20.023102,0.48932797,11.5,0.0,0.625,0.625,0.0,19.304626,6.054063,3.0192862,3.0347767,1.1790092
265,0.11195793,2.2391586,0.0,21.148956,0.4871592,11.5,0.0,1.7825,1.7825,0.0,20.716614,5.9428477,3.1407576,2.8020902,1.1791167
266,0.14900836,2.9801672,0.0,20.490448,0.5721987,11.5,0.0,12.602251,12.602251,0.0,19.258179,4.759159,2.875494,1.8836651,1.1792023
267,0.1523518,3.047036,0.0,19.874237,0.57937586,11.5,0.0,7.25,7.25,0.0,18.917633,5.330603,2.836664,2.4939392,1.17928
268,0.14339145,2.8678288,0.0,19.764008,0.55993897,11.5,0.0,4.0005,4.0005,0.0,19.76706,5.887776,3.0005744,2.8872015,1.1793668
269,0.12927632,2.5855262,0.0,20.566742,0.53143907,11.5,0.0,4.37575,4.37575,0.0,20.43393,5.9081907,3.0930057,2.815185,1.1794474
270,0.1353026,2.7060518,0.0,19.999664,0.54043394,11.5,0.0,2.6252499,2.6252499,0.0,19.199615,5.1597037,3.0256119,2.1340919,1.1795521
271,0.1314121,2.628242,0.0,20.86319,0.5321083,11.5,0.0,2.5002499,2.5002499,0.0,20.381653,6.433693,3.3127863,3.1209066,1.1796182
272,0.12111044,2.4222088,0.0,21.243378,0.5101501,11.5,0.0,0.0,0.0,0.0,20.782684,6.090095,3.1747155,2.9153795,1.1797476
273,0.11508339,2.3016677,0.0,20.136871,0.49568146,11.5,0.0,0.0,0.0,0.0,19.647186,6.148719,3.2184284,2.9302905,1.179844
274,0.11081894,2.2163787,0.0,19.996155,0.48462135,11.5,0.0,0.0,0.0,0.0,18.478546,6.217581,3.0893645,3.1282163,1.1799614
275,0.10757851,2.15157,0.0,20.84375,0.47504562,11.5,0.0,0.0,0.0,0.0,20.97821,5.982621,3.1871274,2.7954938,1.1800872
276,0.10536735,2.107347,0.0,21.093964,0.46797547,11.5,0.0,0.0,0.0,0.0,20.592682,6.370574,3.4548378,2.9157362,1.1801623
277,0.10262482,2.0524964,0.0,20.852356,0.46076125,11.5,0.0,0.125,0.125,0.0,20.242676,5.74667,3.205514,2.5411558,1.1803138
278,0.105914764,2.1182954,0.0,18.245361,0.47033083,11.5,0.0,1.00025,1.00025,0.0,17.365692,5.2854114,3.0239072,2.2615042,1.1804264
279,0.103117846,2.062357,0.0,19.370972,0.4614027,11.5,0.0,0.2545,0.2545,0.0,18.516571,5.459813,3.185385,2.2744281,1.1804683
280,0.101608604,2.032172,0.0,20.30606,0.45540383,11.5,0.0,0.0,0.0,0.0,20.07721,5.920437,3.2611392,2.6592977,1.1805495
281,0.09844577,1.9689155,0.0,20.0484,0.4476928,11.5,0.0,0.0,0.0,0.0,19.967743,6.1249094,3.3197343,2.805175,1.1806633
282,0.0957999,1.9159981,0.0,19.597565,0.4397871,11.5,0.0,0.0,0.0,0.0,19.091278,5.5255823,3.1638498,2.3617325,1.1807904
283,0.0938722,1.877444,0.0,19.34378,0.43347198,11.5,0.0,0.0,0.0,0.0,18.596771,5.248451,3.0529141,2.195537,1.1808591
284,0.097092085,1.9418416,0.0,19.244812,0.44012025,11.5,0.0,6.0055,6.0055,0.0,19.208557,4.8491774,3.0723042,1.7768731,1.1809044
285,0.1267101,2.5342019,0.0,18.538727,0.49986076,11.5,0.0,12.37875,12.37875,0.0,17.58957,4.8786287,2.888887,1.9897418,1.1809331
286,0.118810855,2.3762171,0.0,17.032593,0.49933326,11.5,0.0,1.7752501,1.7752501,0.0,15.163391,4.274737,2.6807575,1.5939794,1.1809928
287,0.1129027,2.258054,0.0,16.924744,0.4867548,11.5,0.0,0.0,0.0,0.0,15.353546,4.9590163,2.686135,2.2728813,1.1810411
288,0.11023869,2.204774,0.0,17.485352,0.47870672,11.5,0.0,0.75,0.75,0.0,17.632568,5.5063105,2.9087284,2.597582,1.1811206
289,0.1091906,2.183812,0.0,17.61554,0.47404277,11.5,0.0,1.6552501,1.6552501,0.0,17.27008,5.040923,2.9665432,2.07438,1.1811581
290,0.11165071,2.233014,0.0,14.97699,0.48322922,11.5,0.0,0.0,0.0,0.0,13.559296,4.3185716,2.3768384,1.9417331,1.1814017
291,0.104538634,2.0907726,0.0,13.002106,0.46582448,11.5,0.0,0.0,0.0,0.0,11.594849,4.7652225,2.1820514,2.5831711,1.1814326
292,0.10104662,2.0209324,0.0,12.829132,0.45479915,11.5,0.0,0.0,0.0,0.0,12.579376,5.2403393,2.3358245,2.9045148,1.2267166
293,0.099349536,1.9869907,0.0,15.3558655,0.44777596,11.5,0.0,0.0,0.0,0.0,15.610138,5.0824223,2.8001397,2.2822826,3.1449785
294,0.09758373,1.9516746,0.0,15.589874,0.44135332,11.5,0.0,0.0,0.0,0.0,14.52182,5.4138803,2.810165,2.6037154,6.044615
295,0.09594993,1.9189987,0.0,15.551025,0.43577582,11.5,0.0,0.0,0.0,0.0,14.896271,5.0272307,2.8179064,2.2093244,8.94351
296,0.094495386,1.8899076,0.0,15.876526,0.4309098,11.5,0.0,0.0,0.0,0.0,15.597626,5.5017247,2.7909007,2.710824,11.841671
297,0.092273,1.8454599,0.0,14.436737,0.4255165,11.5,0.0,0.0,0.0,0.0,14.486755,4.764221,2.449266,2.3149552,14.7389
298,0.09143336,1.8286672,0.0,14.726044,0.42224106,11.5,0.0,0.2545,0.2545,0.0,14.790222,4.6106834,2.482046,2.1286376,17.635063
299,0.12269226,2.4538453,0.0,13.799347,0.49484828,11.5,0.0,11.048499,11.048499,0.0,12.407898,3.018908,2.0780637,0.9408443,20.530022
300,0.14330502,2.8661003,0.0,14.879883,0.54333967,11.5,0.0,9.878,9.878,0.0,13.511322,3.2028117,2.1466062,1.0562055,23.423462
301,0.12422736,2.4845471,0.0,14.521942,0.5082692,11.5,0.0,0.0,0.0,0.0,13.946655,3.1747346,1.9500692,1.2246654,26.31514
302,0.13345402,2.6690805,0.0,15.263275,0.5225603,11.5,0.0,16.169,16.169,0.0,14.79007,2.2799473,1.8344991,0.44544816,29.204502
303,0.13493241,2.6986482,0.0,14.807587,0.53032744,11.5,0.0,1.5277501,1.5277501,0.0,14.076019,1.8510652,1.5587587,0.29230642,32.090744
304,0.12318847,2.4637694,0.0,14.940765,0.5071704,11.5,0.0,0.0,0.0,0.0,13.99881,1.5038981,1.3480834,0.15581477,34.97251
305,0.11804727,2.3609455,0.0,13.1579895,0.49643487,11.5,0.0,0.0,0.0,0.0,12.110321,0.9195944,0.9860047,-0.0664103,37.847
306,0.11587843,2.3175685,0.0,12.371185,0.49386722,11.5,0.0,0.8885,0.8885,0.0,11.810211,0.3556356,0.6704601,-0.3148245,40.706257
307,0.13375236,2.6750472,0.0,12.241119,0.5300367,11.5,0.0,7.2510004,7.2510004,0.0,8.509003,0.0405004,0.24024078,-0.19974038,36.2516
308,0.120404586,2.4080918,0.0,11.537537,0.5058964,11.5,0.0,0.0,0.0,0.0,9.125397,0.0,0.16528367,-0.16528367,1.1636288
309,0.13139646,2.6279292,0.0,13.477905,0.5210792,11.5,0.0,11.001,11.001,0.0,11.371979,0.0,0.18313886,-0.18313886,1.1635542
310,0.13384604,2.676921,0.0,13.98941,0.5275258,11.5,0.0,6.5010004,6.5010004,0.0,11.565613,0.0,0.18474022,-0.18474022,1.163493
311,0.12376123,2.4752247,0.0,14.246826,0.51068544,11.5,0.0,0.0,0.0,0.0,12.475555,0.0,0.19143698,-0.19143698,1.1634322
312,0.1276576,2.553152,0.0,14.183044,0.55255777,11.5,0.0,1.3645,1.3645,0.0,11.58548,0.0,0.18531623,-0.18531623,1.163414
313,0.1315081,2.630162,0.0,13.231689,0.57019997,11.5,0.0,3.3752503,3.3752503,0.0,11.04599,0.0,0.18223211,-0.18223211,1.163321
314,0.13117854,2.6235707,0.0,14.290039,0.56318164,11.5,0.0,0.0,0.0,0.0,11.8941345,0.0,0.1870877,-0.1870877,1.1632524
315,0.12441263,2.4882526,0.0,13.891602,0.5453844,11.5,0.0,0.0,0.0,0.0,11.492126,0.0,0.18376249,-0.18376249,1.1631823
316,0.15808006,3.161601,0.0,14.0407715,0.64537907,11.5,0.0,14.3375,14.3375,0.0,12.390228,0.0,0.18976891,-0.18976891,1.1631453
317,0.17936273,3.5872545,0.0,11.87265,0.7271235,11.5,0.0,4.625,4.625,0.0,8.287415,0.0,0.16334674,-0.16334674,1.1630797
318,0.15854199,3.17084,0.0,9.074799,0.6823895,11.5,0.0,0.0,0.0,0.0,5.3198547,0.0,0.14240514,-0.14240514,1.1629941
319,0.15724829,3.144966,0.0,8.845551,0.6741301,11.5,0.0,7.6259995,4.5395145,3.0864851,6.500824,0.0,0.14823276,-0.14823276,1.1629244
320,0.16218923,3.2437844,0.0,9.305328,0.6813303,11.5,0.0,1.125,1.0910751,0.033924997,7.51532,0.0,0.15416308,-0.15416308,1.1629046
321,0.15438862,3.0877724,0.0,10.455872,0.67248476,11.5,0.0,0.75424993,0.75424993,0.0,8.30484,0.0,0.15867817,-0.15867817,1.1628939
322,0.14547949,2.9095898,0.0,10.900024,0.6482713,11.5,0.0,0.0,0.0,0.0,9.525024,0.0,0.16616797,-0.16616797,1.162786
323,0.15161844,3.0323687,0.0,10.09079,0.66748,11.5,0.0,1.6155,1.6155,0.0,6.4971313,0.0,0.14791857,-0.14791857,1.1626619
324,0.1437487,2.874974,0.0,9.305939,0.64637375,11.5,0.0,0.0,0.0,0.0,6.6319275,0.0,0.14826764,-0.14826764,1.1626322
325,0.13919583,2.7839165,0.0,9.305939,0.63276833,11.5,0.0,0.0,0.0,0.0,7.7968445,0.0,0.15262316,-0.15262316,1.1625545
326,0.14147872,2.8295743,0.0,10.336884,0.639097,11.5,0.0,1.24325,1.24325,0.0,8.795624,0.0,0.15897737,-0.15897737,1.1624936
327,0.14046076,2.8092153,0.0,7.3585815,0.63772666,11.5,0.0,0.0,0.0,0.0,4.137085,0.0,0.13478115,-0.13478115,1.1624205
328,0.17411174,3.482235,0.0,8.530731,0.71411824,11.5,0.0,19.854,19.854,0.0,6.1535645,0.0,0.14381947,-0.14381947,1.1623669
329,0.17425348,3.4850693,0.0,8.862244,0.72024965,11.5,0.0,0.25,0.25,0.0,7.230774,0.0,0.14883949,-0.14883949,1.1622918
330,0.17036685,3.4073372,0.0,10.325684,0.71284187,11.5,0.0,4.2732496,4.2732496,0.0,8.779602,0.0,0.15776627,-0.15776627,1.162221
331,0.16482739,3.296548,0.0,10.113861,0.7021344,11.5,0.0,0.6285,0.6285,0.0,8.453064,0.0,0.15766028,-0.15766028,1.1621565
332,0.15417838,3.0835676,0.0,9.938385,0.6759686,11.5,0.0,0.0,0.0,0.0,7.8599243,0.0,0.1539574,-0.1539574,1.16217
333,0.14746746,2.9493494,0.0,8.338959,0.6574607,11.5,0.0,0.0,0.0,0.0,5.8970947,0.0,0.1417205,-0.1417205,1.1620905
334,0.14289497,2.8578992,0.0,7.4238586,0.6441447,11.5,0.0,0.0,0.0,0.0,5.349884,0.0,0.13676383,-0.13676383,1.1620275
335,0.171668,3.43336,0.0,8.355652,0.71052176,11.5,0.0,11.5147505,11.5147505,0.0,7.5253906,0.0,0.14754559,-0.14754559,1.1619222
336,0.18213753,3.6427507,0.0,9.711151,0.7443638,11.5,0.0,2.25125,2.25125,0.0,8.26889,0.0,0.15272406,-0.15272406,1.1618254
337,0.16689771,3.3379543,0.0,9.712189,0.7099928,11.5,0.0,0.0,0.0,0.0,8.602234,0.0,0.15445969,-0.15445969,1.1618307
338,0.1569681,3.1393619,0.0,7.985443,0.68517315,11.5,0.0,0.0,0.0,0.0,6.1724243,0.0,0.14059332,-0.14059332,1.1617186
339,0.15258825,3.051765,0.0,7.6169434,0.6738008,11.5,0.0,0.124,0.124,0.0,6.220001,0.0,0.13907114,-0.13907114,1.1616846
340,0.17299166,3.4598331,0.0,8.171173,0.71004605,11.5,0.0,10.4345,10.4345,0.0,7.0966187,0.0,0.145111,-0.145111,1.1616144
341,0.15684344,3.1368687,0.0,7.1571655,0.67940605,11.5,0.0,0.0,0.0,0.0,4.6142883,0.0,0.13150708,-0.13150708,1.1616054
342,0.15091035,3.0103254,0.007227438,4.2744446,0.6643704,11.5,0.0,0.0,0.0,0.0,1.9908142,0.0,0.1172506,-0.1172506,1.1614882
343,0.15753102,3.1506205,0.0,4.447693,0.68204236,11.5,0.0,4.0925,4.0925,0.0,2.7305298,0.0,0.12160298,-0.12160298,1.1613936
344,0.1621593,3.2431636,2.0455063e-05,6.126465,0.6966754,11.5,0.0,0.372,0.372,0.0,5.2710876,0.0,0.13550206,-0.13550206,1.1613468
345,0.16312626,3.2101636,0.048015688,7.0631714,0.6933725,11.5,0.0,1.11925,0.9864337,0.1328164,5.500946,0.0,0.13603258,-0.13603258,1.1612673
346,0.16083303,3.211553,0.004683572,6.6818542,0.69584775,11.5,0.0,1.0185,1.0185,0.0,5.082611,0.0,0.13236105,-0.13236105,1.1612335
347,0.15536194,3.1072388,0.0,6.9728394,0.68216,11.5,0.0,0.86975,0.747078,0.12267202,6.176239,0.0,0.13649042,-0.13649042,1.1611373
348,0.16487841,3.2975683,0.0,9.353821,0.7028017,11.5,0.0,2.86125,2.86125,0.0,9.367767,0.0,0.15138793,-0.15138793,1.161069
349,0.19541778,3.9083555,0.0,8.693268,0.76388025,11.5,0.0,17.5345,17.5345,0.0,7.7356873,0.0,0.14561082,-0.14561082,1.1610126
350,0.20474677,4.0949354,0.0,7.191681,0.7827321,11.5,0.0,12.61125,11.024693,1.5865574,5.9700623,0.0,0.136803,-0.136803,1.1609529
351,0.19336303,3.8672607,0.0,7.3345337,0.7653355,11.5,0.0,8.408751,6.3475037,2.0612469,6.69693,0.0,0.14130507,-0.14130507,1.1609018
352,0.19131252,3.8262503,0.0,6.304352,0.75866497,11.5,0.0,2.64025,2.2451153,0.39513463,4.165619,0.0,0.12770289,-0.12770289,1.1608367
353,0.19975054,3.3708856,0.57232296,4.0961,0.70308846,11.5,0.0,0.0,0.0,0.0,2.132721,0.0,0.11697701,-0.11697701,1.1608082
354,0.20683439,3.278679,0.78679425,2.3281555,0.6983005,11.5,0.0,2.125,2.125,0.0,0.7097473,0.0,0.10858063,-0.10858063,1.160707
355,0.18611622,3.637876,0.077439316,4.841156,0.73622996,11.5,0.0,4.875,4.875,0.0,4.2861633,0.0,0.12663278,-0.12663278,1.1606293
356,0.1750682,3.4127493,0.08125961,6.3006897,0.71821654,11.5,0.0,0.76125,0.7520562,0.009193812,4.818207,0.0,0.12808284,-0.12808284,1.1605763
357,0.1638378,3.2686043,0.0074753696,5.6387024,0.70137715,11.5,0.0,0.12575,0.12575,0.0,4.405304,0.0,0.12459454,-0.12459454,1.1605381
358,0.15773632,3.1547265,0.0,6.484894,0.68695927,11.5,0.0,0.0,0.0,0.0,5.7171936,0.0,0.12922868,-0.12922868,1.1604729
359,0.15606023,3.1212049,0.0,7.8298035,0.68188286,11.5,0.0,1.7635002,1.7635002,0.0,7.7074585,0.0,0.1400406,-0.1400406,1.1604106
360,0.18040389,3.60778,0.00027300417,7.894562,0.73498183,11.5,0.0,6.04425,6.04425,0.0,6.6493835,0.0,0.13838732,-0.13838732,1.1603128
361,0.20871176,3.042292,1.0379918,5.2279663,0.66052306,11.5,0.0,0.0,0.0,0.0,3.6124573,0.0,0.12255985,-0.12255985,1.1602443
362,0.2004336,3.5379803,0.4316244,7.2963867,0.72100276,11.5,0.0,11.125999,11.125999,0.0,6.9492188,0.0,0.1374405,-0.1374405,1.1601847
363,0.17796691,3.559338,0.0,9.068024,0.730165,11.5,0.0,3.6119995,3.6119995,0.0,8.590881,0.0,0.14499113,-0.14499113,1.1601235
364,0.19242027,3.8484054,0.0,8.56073,0.77027214,11.5,0.0,3.8924997,3.8924997,0.0,7.211334,0.0,0.13892852,-0.13892852,1.1600373
365,0.16598172,3.3196347,0.0,3.7835083,0.71035796,11.5,0.0,0.0,0.0,0.0,2.287506,0.0,0.108582094,-0.108582094,1.1601043
